as_of,ticker,week_ending,weekly_close,weekly_low,weekly_high,sma44,close_above_sma,touch_ok,dist_to_sma_pct,is_signal,is_grade_a,crs_rank_dist
2026-07-17,BAJAJ-AUTO,2026-07-17,10443.0,10030.5,10499.0,9396.4,True,True,11.14,True,True,0.1195
2026-07-17,HEG,2026-07-17,587.35,538.0,616.0,550.16,True,True,6.76,True,True,0.0771
2026-07-17,SBIN,2026-07-17,1044.3,1011.4,1048.0,997.06,True,True,4.74,True,True,0.048
2026-07-17,AXISBANK,2026-07-17,1328.5,1298.6,1348.0,1275.62,True,True,4.15,True,False,0.0486
2026-07-17,BIOCON,2026-07-17,437.2,402.7,447.15,385.27,True,True,13.48,True,False,0.1427
2026-07-17,EICHERMOT,2026-07-17,7563.5,7140.0,7575.0,7202.39,True,True,5.01,True,False,0.0639
2026-07-17,GRAPHITE,2026-07-17,644.65,605.1,665.9,628.79,True,True,2.52,True,False,0.0278
2026-07-17,JSWSTEEL,2026-07-17,1237.3,1218.0,1254.8,1192.98,True,True,3.72,True,False,0.0479
2026-07-17,LINDEINDIA,2026-07-17,7114.5,6933.0,7251.0,6600.51,True,True,7.79,True,False,0.0857
2026-07-17,MRPL,2026-07-17,174.49,156.15,178.9,161.03,True,True,8.36,True,False,0.0804
2026-07-17,PTCIL,2026-07-17,17941.0,17350.0,18096.0,17176.59,True,True,4.45,True,False,0.0537
2026-07-17,SIEMENS,2026-07-17,3658.8,3437.0,3855.0,3321.94,True,True,10.14,True,False,0.112
2026-07-17,360ONE,2026-07-17,1113.7,1065.6,1127.8,1094.09,True,True,1.79,False,False,
2026-07-17,3MINDIA,2026-07-17,34870.0,34638.36,36353.52,32688.64,True,True,6.67,False,False,
2026-07-17,AADHARHFC,2026-07-17,517.25,508.8,545.2,488.88,True,True,5.8,False,False,
2026-07-17,AARTIIND,2026-07-17,493.95,477.05,510.9,419.1,True,False,17.86,False,False,
2026-07-17,AAVAS,2026-07-17,1481.4,1439.9,1530.0,1437.52,True,True,3.05,False,False,
2026-07-17,ABB,2026-07-17,7506.0,6715.5,7924.5,5960.35,True,False,25.93,False,False,
2026-07-17,ABBOTINDIA,2026-07-17,28055.0,27170.0,28170.0,27652.84,True,True,1.45,False,False,
2026-07-17,ABCAPITAL,2026-07-17,401.55,392.1,408.5,342.26,True,False,17.32,False,False,
2026-07-17,ABFRL,2026-07-17,57.85,57.69,61.04,69.91,False,True,-17.25,False,False,
2026-07-17,ABREL,2026-07-17,1448.6,1403.75,1465.0,1469.44,False,True,-1.42,False,False,
2026-07-17,ABSLAMC,2026-07-17,1150.6,1124.0,1179.7,910.6,True,False,26.36,False,False,
2026-07-17,ACC,2026-07-17,1377.7,1354.5,1394.0,1584.01,False,True,-13.02,False,False,
2026-07-17,ACE,2026-07-17,987.4,962.0,1018.7,942.8,True,True,4.73,False,False,
2026-07-17,ACMESOLAR,2026-07-17,385.25,365.55,398.65,273.39,True,False,40.92,False,False,
2026-07-17,ADANIENSOL,2026-07-17,1722.6,1634.0,1757.7,1129.27,True,False,52.54,False,False,
2026-07-17,ADANIENT,2026-07-17,3160.7,3115.2,3219.7,2418.92,True,False,30.67,False,False,
2026-07-17,ADANIGREEN,2026-07-17,1513.9,1507.3,1631.5,1119.75,True,False,35.2,False,False,
2026-07-17,ADANIPORTS,2026-07-17,1837.4,1807.1,1859.7,1547.42,True,False,18.74,False,False,
2026-07-17,ADANIPOWER,2026-07-17,214.45,213.22,228.94,172.0,True,False,24.68,False,False,
2026-07-17,AEGISLOG,2026-07-17,1349.1,1164.4,1358.0,778.47,True,False,73.3,False,False,
2026-07-17,AFCONS,2026-07-17,299.75,281.65,313.7,355.6,False,True,-15.71,False,False,
2026-07-17,AFFLE,2026-07-17,1532.5,1464.7,1590.0,1605.86,False,True,-4.57,False,False,
2026-07-17,AIAENG,2026-07-17,4647.5,4613.5,4912.5,3863.61,True,False,20.29,False,False,
2026-07-17,AIIL,2026-07-17,571.0,498.55,584.85,532.24,True,True,7.28,False,False,
2026-07-17,AJANTPHARM,2026-07-17,3419.4,3340.0,3481.9,2810.07,True,False,21.68,False,False,
2026-07-17,AKUMS,2026-07-17,664.95,650.25,714.7,491.94,True,False,35.17,False,False,
2026-07-17,ALIVUS,2026-07-17,1133.3,1111.2,1192.0,976.24,True,False,16.09,False,False,
2026-07-17,ALKEM,2026-07-17,5563.0,5515.5,5735.5,5499.63,True,True,1.15,False,False,
2026-07-17,ALKYLAMINE,2026-07-17,1826.9,1810.2,1948.3,1646.85,True,False,10.93,False,False,
2026-07-17,ALOKINDS,2026-07-17,12.32,12.24,12.92,14.89,False,True,-17.25,False,False,
2026-07-17,AMBER,2026-07-17,7804.5,7625.5,8095.0,7369.66,True,True,5.9,False,False,
2026-07-17,AMBUJACEM,2026-07-17,438.5,427.2,440.3,493.93,False,True,-11.22,False,False,
2026-07-17,ANANDRATHI,2026-07-17,2072.7,2052.8,2143.0,1626.63,True,False,27.42,False,False,
2026-07-17,ANANTRAJ,2026-07-17,592.1,561.0,595.0,551.52,True,True,7.36,False,False,
2026-07-17,ANGELONE,2026-07-17,328.95,323.05,355.3,272.66,True,False,20.64,False,False,
2026-07-17,APARINDS,2026-07-17,13836.0,13500.0,14265.0,10492.73,True,False,31.86,False,False,
2026-07-17,APLAPOLLO,2026-07-17,1795.4,1789.2,1835.9,1893.8,False,True,-5.2,False,False,
2026-07-17,APLLTD,2026-07-17,825.1,811.05,855.4,808.74,True,True,2.02,False,False,
2026-07-17,APOLLOHOSP,2026-07-17,8826.0,8739.0,9009.0,7696.93,True,False,14.67,False,False,
2026-07-17,APOLLOTYRE,2026-07-17,430.65,421.75,443.75,456.27,False,True,-5.61,False,False,
2026-07-17,APTUS,2026-07-17,306.85,280.15,309.0,268.95,True,True,14.09,False,False,
2026-07-17,ARE&M,2026-07-17,907.4,873.45,917.0,881.38,True,True,2.95,False,False,
2026-07-17,ASAHIINDIA,2026-07-17,881.2,876.0,940.1,910.37,False,True,-3.2,False,False,
2026-07-17,ASHOKLEY,2026-07-17,155.23,153.3,160.37,162.74,False,True,-4.62,False,False,
2026-07-17,ASIANPAINT,2026-07-17,2689.0,2579.9,2700.0,2544.89,True,True,5.66,False,False,
2026-07-17,ASTERDM,2026-07-17,819.9,805.05,834.0,676.74,True,False,21.16,False,False,
2026-07-17,ASTRAL,2026-07-17,1377.8,1315.1,1389.7,1500.7,False,True,-8.19,False,False,
2026-07-17,ASTRAZEN,2026-07-17,8023.5,7933.0,8404.0,8666.16,False,True,-7.42,False,False,
2026-07-17,ATGL,2026-07-17,706.6,701.15,740.45,612.02,True,False,15.45,False,False,
2026-07-17,ATUL,2026-07-17,6149.5,5962.6,6333.77,6278.93,False,True,-2.06,False,False,
2026-07-17,AUBANK,2026-07-17,1030.2,1018.3,1068.7,949.41,True,False,8.51,False,False,
2026-07-17,AUROPHARMA,2026-07-17,1533.4,1520.4,1584.7,1286.94,True,False,19.15,False,False,
2026-07-17,AWL,2026-07-17,188.66,185.0,191.5,216.98,False,True,-13.05,False,False,
2026-07-17,BAJAJFINSV,2026-07-17,1854.0,1822.0,1912.0,1919.0,False,True,-3.39,False,False,
2026-07-17,BAJAJHFL,2026-07-17,86.34,86.0,89.44,93.38,False,True,-7.54,False,False,
2026-07-17,BAJAJHLDNG,2026-07-17,10398.0,10132.0,10915.0,10849.37,False,True,-4.16,False,False,
2026-07-17,BAJFINANCE,2026-07-17,1056.3,995.2,1058.5,965.66,True,True,9.39,False,False,
2026-07-17,BALKRISIND,2026-07-17,2065.3,2058.0,2252.69,2285.94,False,True,-9.65,False,False,
2026-07-17,BALRAMCHIN,2026-07-17,604.45,566.2,613.0,481.72,True,False,25.48,False,False,
2026-07-17,BANDHANBNK,2026-07-17,213.25,206.4,220.76,171.12,True,False,24.62,False,False,
2026-07-17,BANKBARODA,2026-07-17,246.8,245.6,252.7,270.63,False,True,-8.8,False,False,
2026-07-17,BANKINDIA,2026-07-17,143.17,141.35,147.48,141.39,True,True,1.26,False,False,
2026-07-17,BASF,2026-07-17,3723.0,3476.8,3815.0,3840.48,False,True,-3.06,False,False,
2026-07-17,BATAINDIA,2026-07-17,693.4,672.6,698.05,860.39,False,True,-19.41,False,False,
2026-07-17,BAYERCROP,2026-07-17,4234.1,4051.7,4247.2,4574.33,False,True,-7.44,False,False,
2026-07-17,BBTC,2026-07-17,1493.6,1470.2,1521.3,1688.24,False,True,-11.53,False,False,
2026-07-17,BDL,2026-07-17,1254.8,1245.9,1336.6,1393.56,False,True,-9.96,False,False,
2026-07-17,BEL,2026-07-17,409.45,405.1,414.3,419.82,False,True,-2.47,False,False,
2026-07-17,BEML,2026-07-17,1812.4,1782.8,1890.0,1817.27,False,True,-0.27,False,False,
2026-07-17,BERGEPAINT,2026-07-17,493.7,484.35,510.0,504.08,False,True,-2.06,False,False,
2026-07-17,BHARATFORG,2026-07-17,2190.5,2082.0,2196.7,1644.07,True,False,33.24,False,False,
2026-07-17,BHARTIARTL,2026-07-17,1908.8,1885.0,1953.7,1947.96,False,True,-2.01,False,False,
2026-07-17,BHARTIHEXA,2026-07-17,1605.5,1568.5,1647.3,1633.06,False,True,-1.69,False,False,
2026-07-17,BHEL,2026-07-17,422.0,388.35,446.5,301.23,True,False,40.09,False,False,
2026-07-17,BIKAJI,2026-07-17,638.4,627.27,650.38,679.0,False,True,-5.98,False,False,
2026-07-17,BLS,2026-07-17,235.7,231.6,246.5,288.22,False,True,-18.22,False,False,
2026-07-17,BLUEDART,2026-07-17,4926.4,4851.0,5050.0,5393.82,False,True,-8.67,False,False,
2026-07-17,BLUESTARCO,2026-07-17,1686.9,1623.54,1754.59,1771.77,False,True,-4.79,False,False,
2026-07-17,BOSCHLTD,2026-07-17,40855.0,40760.0,42050.0,36921.82,True,False,10.65,False,False,
2026-07-17,BPCL,2026-07-17,315.55,302.05,318.25,327.92,False,True,-3.77,False,False,
2026-07-17,BRIGADE,2026-07-17,566.65,544.0,576.0,598.68,False,True,-5.35,False,False,
2026-07-17,BRITANNIA,2026-07-17,5412.5,5235.5,5418.0,5737.11,False,True,-5.66,False,False,
2026-07-17,BSE,2026-07-17,3581.8,3571.5,3867.5,3048.04,True,False,17.51,False,False,
2026-07-17,BSOFT,2026-07-17,288.05,284.1,304.6,364.41,False,True,-20.96,False,False,
2026-07-17,CAMPUS,2026-07-17,235.97,225.0,259.7,254.9,False,True,-7.43,False,False,
2026-07-17,CAMS,2026-07-17,751.1,739.0,790.0,741.08,True,True,1.35,False,False,
2026-07-17,CANBK,2026-07-17,125.01,124.3,129.73,134.4,False,True,-6.98,False,False,
2026-07-17,CANFINHOME,2026-07-17,889.45,885.05,940.85,857.12,True,True,3.77,False,False,
2026-07-17,CAPLIPOINT,2026-07-17,2614.2,2566.5,2699.0,1949.72,True,False,34.08,False,False,
2026-07-17,CARBORUNIV,2026-07-17,1059.8,1048.0,1101.7,916.65,True,False,15.62,False,False,
2026-07-17,CASTROLIND,2026-07-17,184.45,183.05,185.35,184.31,True,True,0.08,False,False,
2026-07-17,CCL,2026-07-17,1191.4,1177.8,1242.2,1017.23,True,False,17.12,False,False,
2026-07-17,CDSL,2026-07-17,1418.2,1376.0,1439.96,1376.38,True,True,3.04,False,False,
2026-07-17,CEATLTD,2026-07-17,3549.9,3471.1,3904.3,3643.37,False,True,-2.57,False,False,
2026-07-17,CENTRALBK,2026-07-17,31.66,31.56,33.3,35.35,False,True,-10.43,False,False,
2026-07-17,CENTURYPLY,2026-07-17,796.05,776.1,813.7,766.89,True,True,3.8,False,False,
2026-07-17,CERA,2026-07-17,6047.0,6000.5,6489.5,5458.34,True,False,10.78,False,False,
2026-07-17,CESC,2026-07-17,165.1,158.93,166.99,166.42,False,True,-0.79,False,False,
2026-07-17,CGCL,2026-07-17,256.38,251.26,262.0,190.19,True,False,34.8,False,False,
2026-07-17,CGPOWER,2026-07-17,905.0,893.7,954.9,750.44,True,False,20.6,False,False,
2026-07-17,CHALET,2026-07-17,862.6,826.0,874.9,845.68,True,True,2.0,False,False,
2026-07-17,CHAMBLFERT,2026-07-17,454.3,447.25,459.0,459.19,False,True,-1.07,False,False,
2026-07-17,CHENNPETRO,2026-07-17,1200.6,1099.0,1279.7,956.37,True,False,25.54,False,False,
2026-07-17,CHOLAFIN,2026-07-17,1804.9,1742.7,1828.1,1642.39,True,True,9.89,False,False,
2026-07-17,CHOLAHLDNG,2026-07-17,1573.6,1550.3,1663.5,1710.84,False,True,-8.02,False,False,
2026-07-17,CIPLA,2026-07-17,1418.7,1404.0,1454.5,1402.7,True,True,1.14,False,False,
2026-07-17,CLEAN,2026-07-17,744.4,742.0,789.3,849.06,False,True,-12.33,False,False,
2026-07-17,COALINDIA,2026-07-17,427.65,424.7,436.5,419.32,True,True,1.99,False,False,
2026-07-17,COCHINSHIP,2026-07-17,1402.2,1382.6,1422.8,1579.83,False,True,-11.24,False,False,
2026-07-17,COFORGE,2026-07-17,1508.4,1470.0,1569.0,1511.47,False,True,-0.2,False,False,
2026-07-17,COHANCE,2026-07-17,441.9,429.1,473.7,502.09,False,True,-11.99,False,False,
2026-07-17,COLPAL,2026-07-17,2042.4,1986.3,2047.0,2091.15,False,True,-2.33,False,False,
2026-07-17,CONCOR,2026-07-17,486.9,456.2,496.9,497.35,False,True,-2.1,False,False,
2026-07-17,CONCORDBIO,2026-07-17,1342.8,1271.0,1365.6,1290.05,True,True,4.09,False,False,
2026-07-17,COROMANDEL,2026-07-17,2034.3,2000.1,2100.85,2116.29,False,True,-3.87,False,False,
2026-07-17,CRAFTSMAN,2026-07-17,9105.0,9045.5,9408.52,7641.13,True,False,19.16,False,False,
2026-07-17,CREDITACC,2026-07-17,1478.5,1464.1,1551.8,1323.19,True,False,11.74,False,False,
2026-07-17,CRISIL,2026-07-17,4245.7,4030.0,4300.0,4341.27,False,True,-2.2,False,False,
2026-07-17,CROMPTON,2026-07-17,256.5,255.55,264.35,265.11,False,True,-3.25,False,False,
2026-07-17,CUB,2026-07-17,224.63,217.63,227.48,195.73,True,False,14.76,False,False,
2026-07-17,CUMMINSIND,2026-07-17,5448.0,5390.0,5627.82,4688.65,True,False,16.2,False,False,
2026-07-17,CYIENT,2026-07-17,853.9,831.7,872.4,1008.63,False,True,-15.34,False,False,
2026-07-17,DABUR,2026-07-17,427.2,422.35,437.08,472.15,False,True,-9.52,False,False,
2026-07-17,DALBHARAT,2026-07-17,1823.2,1731.8,1840.5,1971.52,False,True,-7.52,False,False,
2026-07-17,DATAPATTNS,2026-07-17,4085.8,4061.0,4345.0,3278.54,True,False,24.62,False,False,
2026-07-17,DBREALTY,2026-07-17,119.5,111.0,125.99,122.0,False,True,-2.05,False,False,
2026-07-17,DCMSHRIRAM,2026-07-17,1022.9,1008.2,1054.5,1146.18,False,True,-10.76,False,False,
2026-07-17,DEEPAKFERT,2026-07-17,1594.0,1475.7,1642.0,1294.69,True,False,23.12,False,False,
2026-07-17,DEEPAKNTR,2026-07-17,1708.0,1613.3,1764.0,1646.8,True,True,3.72,False,False,
2026-07-17,DELHIVERY,2026-07-17,492.15,485.3,520.0,442.01,True,False,11.34,False,False,
2026-07-17,DEVYANI,2026-07-17,112.0,109.55,114.85,129.2,False,True,-13.32,False,False,
2026-07-17,DIVISLAB,2026-07-17,7247.5,6786.5,7390.0,6417.11,True,True,12.94,False,False,
2026-07-17,DIXON,2026-07-17,14329.0,13180.0,14685.0,12670.68,True,True,13.09,False,False,
2026-07-17,DLF,2026-07-17,667.8,646.7,690.25,651.11,True,True,2.56,False,False,
2026-07-17,DMART,2026-07-17,3951.9,3886.7,4012.8,4087.55,False,True,-3.32,False,False,
2026-07-17,DOMS,2026-07-17,2265.5,2240.0,2385.0,2395.3,False,True,-5.42,False,False,
2026-07-17,DRREDDY,2026-07-17,1211.2,1201.2,1249.1,1260.56,False,True,-3.92,False,False,
2026-07-17,ECLERX,2026-07-17,1979.8,1602.1,2025.0,1866.42,True,True,6.07,False,False,
2026-07-17,EIDPARRY,2026-07-17,751.0,745.55,788.75,896.91,False,True,-16.27,False,False,
2026-07-17,EIHOTEL,2026-07-17,338.75,326.0,340.9,341.56,False,True,-0.82,False,False,
2026-07-17,ELECON,2026-07-17,464.35,450.8,520.95,483.64,False,True,-3.99,False,False,
2026-07-17,ELGIEQUIP,2026-07-17,581.7,562.78,584.45,510.63,True,False,13.92,False,False,
2026-07-17,EMAMILTD,2026-07-17,409.45,400.85,428.75,470.63,False,True,-13.0,False,False,
2026-07-17,EMCURE,2026-07-17,1783.2,1751.0,1840.0,1533.01,True,False,16.32,False,False,
2026-07-17,ENDURANCE,2026-07-17,2733.0,2621.0,2799.0,2592.9,True,True,5.4,False,False,
2026-07-17,ENGINERSIN,2026-07-17,227.66,226.24,240.85,210.11,True,False,8.35,False,False,
2026-07-17,ERIS,2026-07-17,1455.4,1413.2,1499.0,1454.1,True,True,0.09,False,False,
2026-07-17,ESCORTS,2026-07-17,2937.0,2910.0,2997.8,3310.56,False,True,-11.28,False,False,
2026-07-17,ETERNAL,2026-07-17,286.6,278.55,299.0,276.69,True,True,3.58,False,False,
2026-07-17,EXIDEIND,2026-07-17,435.2,416.0,436.55,361.1,True,False,20.52,False,False,
2026-07-17,FACT,2026-07-17,833.6,830.1,865.25,859.15,False,True,-2.97,False,False,
2026-07-17,FEDERALBNK,2026-07-17,349.0,323.4,351.0,271.95,True,False,28.33,False,False,
2026-07-17,FINCABLES,2026-07-17,1017.3,1015.0,1076.0,880.8,True,False,15.5,False,False,
2026-07-17,FINPIPE,2026-07-17,164.66,164.22,171.1,178.85,False,True,-7.93,False,False,
2026-07-17,FIRSTCRY,2026-07-17,211.57,209.5,222.3,271.6,False,True,-22.1,False,False,
2026-07-17,FIVESTAR,2026-07-17,557.75,538.45,559.8,498.85,True,False,11.81,False,False,
2026-07-17,FLUOROCHEM,2026-07-17,4144.9,3839.0,4169.9,3547.32,True,False,16.85,False,False,
2026-07-17,FORTIS,2026-07-17,952.45,944.0,988.25,927.19,True,True,2.72,False,False,
2026-07-17,FSL,2026-07-17,266.38,253.6,274.01,282.43,False,True,-5.68,False,False,
2026-07-17,GAIL,2026-07-17,171.2,169.47,175.73,165.21,True,True,3.63,False,False,
2026-07-17,GESHIP,2026-07-17,1345.4,1332.5,1459.0,1263.51,True,True,6.48,False,False,
2026-07-17,GICRE,2026-07-17,362.0,360.0,370.75,377.48,False,True,-4.1,False,False,
2026-07-17,GILLETTE,2026-07-17,7810.0,7710.5,7971.0,8220.29,False,True,-4.99,False,False,
2026-07-17,GLAND,2026-07-17,2449.0,2416.4,2564.8,1902.78,True,False,28.71,False,False,
2026-07-17,GLAXO,2026-07-17,2454.8,2406.3,2527.0,2420.24,True,True,1.43,False,False,
2026-07-17,GLENMARK,2026-07-17,2235.5,2229.0,2326.1,2083.51,True,True,7.29,False,False,
2026-07-17,GMDCLTD,2026-07-17,581.5,579.6,602.8,591.92,False,True,-1.76,False,False,
2026-07-17,GMRAIRPORT,2026-07-17,110.54,109.2,114.99,98.27,True,False,12.49,False,False,
2026-07-17,GNFC,2026-07-17,502.7,492.5,516.8,483.49,True,True,3.97,False,False,
2026-07-17,GODFRYPHLP,2026-07-17,2109.9,2062.6,2141.0,2475.33,False,True,-14.76,False,False,
2026-07-17,GODIGIT,2026-07-17,281.9,280.5,311.85,329.78,False,True,-14.52,False,False,
2026-07-17,GODREJAGRO,2026-07-17,567.8,559.15,587.9,594.98,False,True,-4.57,False,False,
2026-07-17,GODREJCP,2026-07-17,1071.9,1040.5,1079.7,1109.34,False,True,-3.37,False,False,
2026-07-17,GODREJIND,2026-07-17,1334.7,1302.1,1404.4,1046.57,True,False,27.53,False,False,
2026-07-17,GODREJPROP,2026-07-17,2102.1,2078.0,2168.3,1890.17,True,False,11.21,False,False,
2026-07-17,GPIL,2026-07-17,244.35,239.7,257.1,263.87,False,True,-7.4,False,False,
2026-07-17,GPPL,2026-07-17,151.22,149.6,155.89,163.89,False,True,-7.73,False,False,
2026-07-17,GRANULES,2026-07-17,880.8,870.15,910.0,637.26,True,False,38.22,False,False,
2026-07-17,GRASIM,2026-07-17,3109.7,3060.0,3216.3,2854.93,True,False,8.92,False,False,
2026-07-17,GRAVITA,2026-07-17,1818.2,1774.9,1870.0,1650.7,True,False,10.15,False,False,
2026-07-17,GRSE,2026-07-17,2581.2,2564.5,2653.0,2575.91,True,True,0.21,False,False,
2026-07-17,GVT&D,2026-07-17,4387.4,4342.0,4730.0,3703.19,True,False,18.48,False,False,
2026-07-17,HAL,2026-07-17,4500.7,4392.0,4521.7,4364.16,True,True,3.13,False,False,
2026-07-17,HAPPSTMNDS,2026-07-17,379.65,373.65,415.88,420.63,False,True,-9.74,False,False,
2026-07-17,HAVELLS,2026-07-17,1187.3,1141.2,1195.6,1333.52,False,True,-10.97,False,False,
2026-07-17,HBLENGINE,2026-07-17,741.9,734.45,770.95,809.54,False,True,-8.36,False,False,
2026-07-17,HCLTECH,2026-07-17,1203.9,1132.93,1224.5,1377.57,False,True,-12.61,False,False,
2026-07-17,HDFCAMC,2026-07-17,2651.2,2587.6,2767.3,2609.93,True,True,1.58,False,False,
2026-07-17,HDFCBANK,2026-07-17,819.6,806.5,823.7,871.05,False,True,-5.91,False,False,
2026-07-17,HDFCLIFE,2026-07-17,563.65,553.25,588.0,676.03,False,True,-16.62,False,False,
2026-07-17,HEROMOTOCO,2026-07-17,4909.9,4865.2,4967.0,5346.67,False,True,-8.17,False,False,
2026-07-17,HFCL,2026-07-17,213.17,206.1,229.4,102.02,True,False,108.95,False,False,
2026-07-17,HINDALCO,2026-07-17,944.15,939.5,998.0,913.34,True,True,3.37,False,False,
2026-07-17,HINDCOPPER,2026-07-17,486.15,476.0,507.65,473.28,True,True,2.72,False,False,
2026-07-17,HINDPETRO,2026-07-17,400.4,381.65,405.8,418.05,False,True,-4.22,False,False,
2026-07-17,HINDUNILVR,2026-07-17,2143.8,2091.0,2154.5,2283.3,False,True,-6.11,False,False,
2026-07-17,HINDZINC,2026-07-17,518.35,514.95,536.5,549.64,False,True,-5.69,False,False,
2026-07-17,HOMEFIRST,2026-07-17,1241.8,1211.2,1284.9,1127.17,True,False,10.17,False,False,
2026-07-17,HONASA,2026-07-17,466.95,461.0,491.35,323.54,True,False,44.33,False,False,
2026-07-17,HONAUT,2026-07-17,38955.0,37474.05,39687.79,33616.55,True,False,15.88,False,False,
2026-07-17,HSCL,2026-07-17,741.55,653.0,744.5,516.47,True,False,43.58,False,False,
2026-07-17,HUDCO,2026-07-17,202.93,200.8,212.41,207.27,False,True,-2.09,False,False,
2026-07-17,HYUNDAI,2026-07-17,1993.3,1943.5,2064.8,2144.65,False,True,-7.06,False,False,
2026-07-17,ICICIBANK,2026-07-17,1444.3,1386.3,1455.1,1345.74,True,True,7.32,False,False,
2026-07-17,ICICIGI,2026-07-17,1612.2,1544.6,1821.9,1858.88,False,True,-13.27,False,False,
2026-07-17,ICICIPRULI,2026-07-17,497.15,495.15,531.95,580.67,False,True,-14.38,False,False,
2026-07-17,IDBI,2026-07-17,87.02,81.73,89.94,90.81,False,True,-4.18,False,False,
2026-07-17,IDEA,2026-07-17,13.74,13.51,14.17,11.02,True,False,24.67,False,False,
2026-07-17,IDFCFIRSTB,2026-07-17,80.35,78.78,80.8,75.72,True,True,6.12,False,False,
2026-07-17,IEX,2026-07-17,122.8,116.26,126.8,128.62,False,True,-4.52,False,False,
2026-07-17,IFCI,2026-07-17,72.17,71.51,77.35,60.05,True,False,20.19,False,False,
2026-07-17,IGIL,2026-07-17,346.35,339.0,357.7,337.7,True,True,2.56,False,False,
2026-07-17,IGL,2026-07-17,153.11,151.4,158.7,176.54,False,True,-13.27,False,False,
2026-07-17,IIFL,2026-07-17,555.2,537.6,574.45,510.32,True,True,8.79,False,False,
2026-07-17,IKS,2026-07-17,1897.1,1837.8,1932.0,1597.91,True,False,18.72,False,False,
2026-07-17,INDGN,2026-07-17,510.9,502.2,520.0,510.21,True,True,0.13,False,False,
2026-07-17,INDHOTEL,2026-07-17,727.9,725.45,750.9,687.6,True,True,5.86,False,False,
2026-07-17,INDIACEM,2026-07-17,410.3,374.1,413.1,403.24,True,True,1.75,False,False,
2026-07-17,INDIAMART,2026-07-17,1910.1,1903.0,1978.9,2118.44,False,True,-9.83,False,False,
2026-07-17,INDIANB,2026-07-17,832.4,816.0,871.5,834.36,False,True,-0.23,False,False,
2026-07-17,INDIGO,2026-07-17,5248.5,5064.5,5307.0,4987.2,True,True,5.24,False,False,
2026-07-17,INDUSINDBK,2026-07-17,1027.2,992.0,1031.2,867.11,True,False,18.46,False,False,
2026-07-17,INDUSTOWER,2026-07-17,403.5,401.6,414.9,412.3,False,True,-2.13,False,False,
2026-07-17,INFY,2026-07-17,1096.5,1057.1,1116.8,1342.89,False,True,-18.35,False,False,
2026-07-17,INOXINDIA,2026-07-17,1980.2,1820.0,2008.4,1324.66,True,False,49.49,False,False,
2026-07-17,INOXWIND,2026-07-17,78.12,77.28,82.3,110.52,False,True,-29.32,False,False,
2026-07-17,INTELLECT,2026-07-17,760.0,749.3,796.35,850.67,False,True,-10.66,False,False,
2026-07-17,IOB,2026-07-17,33.85,33.55,34.94,35.82,False,True,-5.5,False,False,
2026-07-17,IOC,2026-07-17,141.69,136.62,143.39,151.31,False,True,-6.36,False,False,
2026-07-17,IPCALAB,2026-07-17,1900.6,1760.0,1944.9,1498.65,True,False,26.82,False,False,
2026-07-17,IRB,2026-07-17,20.01,19.92,20.44,21.12,False,True,-5.24,False,False,
2026-07-17,IRCON,2026-07-17,129.33,128.62,134.55,151.28,False,True,-14.51,False,False,
2026-07-17,IRCTC,2026-07-17,507.0,496.05,510.45,604.87,False,True,-16.18,False,False,
2026-07-17,IREDA,2026-07-17,121.64,119.8,125.4,133.28,False,True,-8.73,False,False,
2026-07-17,IRFC,2026-07-17,88.41,87.92,90.0,108.7,False,True,-18.66,False,False,
2026-07-17,ITC,2026-07-17,280.7,275.0,281.95,329.3,False,True,-14.76,False,False,
2026-07-17,ITI,2026-07-17,284.5,280.5,302.4,297.36,False,True,-4.32,False,False,
2026-07-17,J&KBANK,2026-07-17,182.69,176.73,191.65,120.95,True,False,51.04,False,False,
2026-07-17,JBCHEPHARM,2026-07-17,2408.9,2380.0,2525.5,1950.15,True,False,23.52,False,False,
2026-07-17,JBMA,2026-07-17,670.35,667.0,707.5,622.28,True,False,7.73,False,False,
2026-07-17,JINDALSAW,2026-07-17,269.45,248.5,273.9,200.07,True,False,34.68,False,False,
2026-07-17,JINDALSTEL,2026-07-17,1025.0,1010.1,1050.5,1112.77,False,True,-7.89,False,False,
2026-07-17,JIOFIN,2026-07-17,242.98,234.1,249.95,267.82,False,True,-9.27,False,False,
2026-07-17,JKCEMENT,2026-07-17,5391.0,5302.0,5498.5,5612.74,False,True,-3.95,False,False,
2026-07-17,JKTYRE,2026-07-17,403.2,400.25,423.95,437.12,False,True,-7.76,False,False,
2026-07-17,JMFINANCIL,2026-07-17,124.25,122.51,128.5,136.93,False,True,-9.26,False,False,
2026-07-17,JPPOWER,2026-07-17,16.87,16.65,17.5,17.46,False,True,-3.36,False,False,
2026-07-17,JSL,2026-07-17,737.5,700.0,741.75,755.72,False,True,-2.41,False,False,
2026-07-17,JSWENERGY,2026-07-17,541.2,539.2,564.0,517.1,True,True,4.66,False,False,
2026-07-17,JSWHL,2026-07-17,10981.0,10912.0,11487.0,15730.41,False,True,-30.19,False,False,
2026-07-17,JSWINFRA,2026-07-17,342.15,331.6,355.8,280.66,True,False,21.91,False,False,
2026-07-17,JUBLFOOD,2026-07-17,417.15,414.3,437.61,512.18,False,True,-18.55,False,False,
2026-07-17,JUBLINGREA,2026-07-17,739.05,716.1,761.95,662.76,True,False,11.51,False,False,
2026-07-17,JUBLPHARMA,2026-07-17,1022.6,958.5,1042.0,995.39,True,True,2.73,False,False,
2026-07-17,JUSTDIAL,2026-07-17,767.3,601.95,838.3,645.1,True,True,18.94,False,False,
2026-07-17,JWL,2026-07-17,254.3,253.1,263.3,291.8,False,True,-12.85,False,False,
2026-07-17,JYOTHYLAB,2026-07-17,200.3,198.31,202.94,250.91,False,True,-20.17,False,False,
2026-07-17,JYOTICNC,2026-07-17,781.5,775.0,827.0,830.51,False,True,-5.9,False,False,
2026-07-17,KAJARIACER,2026-07-17,1239.5,1204.0,1271.5,1080.48,True,False,14.72,False,False,
2026-07-17,KALYANKJIL,2026-07-17,574.4,469.0,577.5,437.16,True,False,31.39,False,False,
2026-07-17,KANSAINER,2026-07-17,201.28,195.0,204.12,216.45,False,True,-7.01,False,False,
2026-07-17,KARURVYSYA,2026-07-17,309.8,299.0,312.0,273.67,True,False,13.2,False,False,
2026-07-17,KAYNES,2026-07-17,3385.8,3270.1,3478.4,4431.15,False,True,-23.59,False,False,
2026-07-17,KEC,2026-07-17,495.4,488.35,514.4,641.33,False,True,-22.75,False,False,
2026-07-17,KEI,2026-07-17,4906.5,4881.0,5233.0,4543.8,True,False,7.98,False,False,
2026-07-17,KFINTECH,2026-07-17,887.9,869.7,917.58,971.72,False,True,-8.63,False,False,
2026-07-17,KIMS,2026-07-17,802.95,792.05,824.1,698.81,True,False,14.9,False,False,
2026-07-17,KIRLOSBROS,2026-07-17,1868.2,1833.1,2007.6,1709.95,True,False,9.25,False,False,
2026-07-17,KIRLOSENG,2026-07-17,2255.7,2240.0,2572.0,1421.59,True,False,58.67,False,False,
2026-07-17,KNRCON,2026-07-17,122.57,122.0,130.49,146.71,False,True,-16.46,False,False,
2026-07-17,KOTAKBANK,2026-07-17,389.95,374.45,391.8,404.17,False,True,-3.52,False,False,
2026-07-17,KPIL,2026-07-17,1310.0,1285.1,1347.0,1210.27,True,True,8.24,False,False,
2026-07-17,KPITTECH,2026-07-17,554.05,543.0,578.9,932.74,False,True,-40.6,False,False,
2026-07-17,KPRMILL,2026-07-17,1140.3,1089.1,1174.0,980.88,True,False,16.25,False,False,
2026-07-17,LALPATHLAB,2026-07-17,1687.4,1666.2,1784.0,1495.0,True,False,12.87,False,False,
2026-07-17,LATENTVIEW,2026-07-17,303.85,296.6,314.8,373.15,False,True,-18.57,False,False,
2026-07-17,LAURUSLABS,2026-07-17,1529.8,1520.4,1579.1,1109.08,True,False,37.93,False,False,
2026-07-17,LEMONTREE,2026-07-17,111.97,111.27,119.0,133.85,False,True,-16.35,False,False,
2026-07-17,LICHSGFIN,2026-07-17,549.9,543.05,563.0,542.7,True,True,1.33,False,False,
2026-07-17,LICI,2026-07-17,433.1,431.8,447.6,414.28,True,True,4.54,False,False,
2026-07-17,LLOYDSME,2026-07-17,1865.4,1776.1,1877.9,1422.42,True,False,31.14,False,False,
2026-07-17,LODHA,2026-07-17,1188.75,1144.2,1219.95,1016.78,True,False,16.91,False,False,
2026-07-17,LT,2026-07-17,3814.5,3762.3,3939.0,3917.97,False,True,-2.64,False,False,
2026-07-17,LTF,2026-07-17,310.05,307.1,333.5,282.1,True,False,9.91,False,False,
2026-07-17,LTFOODS,2026-07-17,382.95,376.3,391.85,399.05,False,True,-4.03,False,False,
2026-07-17,LTTS,2026-07-17,3415.3,3217.6,3667.9,3751.76,False,True,-8.97,False,False,
2026-07-17,LUPIN,2026-07-17,2443.2,2428.0,2511.29,2182.55,True,False,11.94,False,False,
2026-07-17,M&M,2026-07-17,3179.2,3079.4,3183.2,3343.59,False,True,-4.92,False,False,
2026-07-17,M&MFIN,2026-07-17,324.2,318.9,337.25,321.55,True,True,0.83,False,False,
2026-07-17,MAHABANK,2026-07-17,79.9,79.12,84.71,67.21,True,False,18.89,False,False,
2026-07-17,MAHSEAMLES,2026-07-17,580.45,577.2,597.1,582.74,False,True,-0.39,False,False,
2026-07-17,MANAPPURAM,2026-07-17,325.45,318.75,338.7,291.74,True,False,11.56,False,False,
2026-07-17,MANKIND,2026-07-17,2484.2,2469.5,2639.0,2280.01,True,False,8.96,False,False,
2026-07-17,MANYAVAR,2026-07-17,399.2,388.6,406.95,502.33,False,True,-20.53,False,False,
2026-07-17,MAPMYINDIA,2026-07-17,1173.05,1062.5,1231.95,1279.41,False,True,-8.31,False,False,
2026-07-17,MARICO,2026-07-17,844.0,829.9,853.1,765.98,True,False,10.19,False,False,
2026-07-17,MARUTI,2026-07-17,13803.0,13435.0,13885.0,14725.61,False,True,-6.27,False,False,
2026-07-17,MASTEK,2026-07-17,1772.6,1651.0,1799.0,1865.43,False,True,-4.98,False,False,
2026-07-17,MAXHEALTH,2026-07-17,1089.9,1081.2,1120.7,1061.27,True,True,2.7,False,False,
2026-07-17,MAZDOCK,2026-07-17,2342.8,2333.3,2417.0,2534.19,False,True,-7.55,False,False,
2026-07-17,MCX,2026-07-17,2747.5,2729.0,2942.1,2393.59,True,False,14.79,False,False,
2026-07-17,MEDANTA,2026-07-17,1316.9,1312.6,1347.9,1194.84,True,False,10.22,False,False,
2026-07-17,METROPOLIS,2026-07-17,545.3,540.05,585.4,492.2,True,False,10.79,False,False,
2026-07-17,MFSL,2026-07-17,1538.0,1531.3,1662.0,1639.3,False,True,-6.18,False,False,
2026-07-17,MGL,2026-07-17,1100.4,1087.8,1137.9,1135.87,False,True,-3.12,False,False,
2026-07-17,MINDACORP,2026-07-17,678.3,669.9,708.75,578.01,True,False,17.35,False,False,
2026-07-17,MMTC,2026-07-17,63.52,63.2,65.62,64.01,False,True,-0.76,False,False,
2026-07-17,MOTHERSON,2026-07-17,144.17,140.82,145.84,121.54,True,False,18.62,False,False,
2026-07-17,MOTILALOFS,2026-07-17,967.1,950.6,989.75,856.08,True,False,12.97,False,False,
2026-07-17,MPHASIS,2026-07-17,2394.2,2300.2,2422.3,2455.54,False,True,-2.5,False,False,
2026-07-17,MRF,2026-07-17,130695.0,129550.0,133017.83,141055.11,False,True,-7.34,False,False,
2026-07-17,MSUMI,2026-07-17,40.34,38.75,40.59,42.33,False,True,-4.71,False,False,
2026-07-17,MUTHOOTFIN,2026-07-17,2989.5,2936.1,3114.9,3394.2,False,True,-11.92,False,False,
2026-07-17,NAM-INDIA,2026-07-17,1186.5,1137.5,1223.0,939.96,True,False,26.23,False,False,
2026-07-17,NATCOPHARM,2026-07-17,945.0,940.1,988.95,931.42,True,True,1.46,False,False,
2026-07-17,NATIONALUM,2026-07-17,339.9,338.05,368.5,330.16,True,True,2.95,False,False,
2026-07-17,NAUKRI,2026-07-17,1187.25,1175.0,1220.5,1164.22,True,True,1.98,False,False,
2026-07-17,NAVA,2026-07-17,586.8,578.55,604.1,594.53,False,True,-1.3,False,False,
2026-07-17,NAVINFLUOR,2026-07-17,7579.0,7502.0,7741.0,6224.36,True,False,21.76,False,False,
2026-07-17,NBCC,2026-07-17,97.25,96.37,102.47,102.48,False,True,-5.1,False,False,
2026-07-17,NCC,2026-07-17,139.6,139.0,145.48,163.93,False,True,-14.84,False,False,
2026-07-17,NESTLEIND,2026-07-17,1427.2,1405.1,1452.3,1297.07,True,False,10.03,False,False,
2026-07-17,NETWEB,2026-07-17,4244.3,4212.0,4495.0,3699.4,True,False,14.73,False,False,
2026-07-17,NETWORK18,2026-07-17,30.0,29.5,32.72,38.77,False,True,-22.61,False,False,
2026-07-17,NEULANDLAB,2026-07-17,18434.0,18055.0,19558.0,15471.18,True,False,19.15,False,False,
2026-07-17,NEWGEN,2026-07-17,547.55,501.44,600.28,640.27,False,True,-14.48,False,False,
2026-07-17,NH,2026-07-17,2029.5,1990.59,2043.0,1824.03,True,False,11.26,False,False,
2026-07-17,NHPC,2026-07-17,79.2,78.3,80.08,78.71,True,True,0.63,False,False,
2026-07-17,NIACL,2026-07-17,174.82,174.1,185.0,162.66,True,False,7.48,False,False,
2026-07-17,NIVABUPA,2026-07-17,86.06,85.6,89.66,78.16,True,False,10.11,False,False,
2026-07-17,NLCINDIA,2026-07-17,295.6,294.2,311.7,277.88,True,True,6.38,False,False,
2026-07-17,NMDC,2026-07-17,83.22,82.71,85.95,80.44,True,True,3.45,False,False,
2026-07-17,NSLNISP,2026-07-17,42.99,42.35,44.24,42.41,True,True,1.36,False,False,
2026-07-17,NTPC,2026-07-17,341.85,340.25,355.0,355.02,False,True,-3.71,False,False,
2026-07-17,NTPCGREEN,2026-07-17,91.97,91.71,96.25,97.23,False,True,-5.41,False,False,
2026-07-17,NUVAMA,2026-07-17,1863.1,1821.4,1981.6,1425.18,True,False,30.73,False,False,
2026-07-17,NYKAA,2026-07-17,323.05,320.4,332.15,263.22,True,False,22.73,False,False,
2026-07-17,OBEROIRLTY,2026-07-17,1894.8,1855.7,1947.9,1645.27,True,False,15.17,False,False,
2026-07-17,OFSS,2026-07-17,11771.0,11337.0,11958.0,8280.9,True,False,42.15,False,False,
2026-07-17,OIL,2026-07-17,435.35,422.35,442.3,442.65,False,True,-1.65,False,False,
2026-07-17,OLAELEC,2026-07-17,40.17,39.13,41.75,38.97,True,True,3.08,False,False,
2026-07-17,OLECTRA,2026-07-17,1346.7,1341.0,1417.9,1255.58,True,True,7.26,False,False,
2026-07-17,ONGC,2026-07-17,247.29,245.55,252.0,254.71,False,True,-2.91,False,False,
2026-07-17,PAGEIND,2026-07-17,39900.0,39300.0,40980.0,37064.49,True,True,7.65,False,False,
2026-07-17,PATANJALI,2026-07-17,337.7,328.2,412.15,505.85,False,True,-33.24,False,False,
2026-07-17,PAYTM,2026-07-17,1348.0,1325.4,1407.0,1189.9,True,False,13.29,False,False,
2026-07-17,PCBL,2026-07-17,320.8,304.5,327.7,307.38,True,True,4.36,False,False,
2026-07-17,PERSISTENT,2026-07-17,5183.9,4975.0,5257.0,5445.0,False,True,-4.8,False,False,
2026-07-17,PETRONET,2026-07-17,273.8,272.0,280.95,274.49,False,True,-0.25,False,False,
2026-07-17,PFC,2026-07-17,404.85,399.75,412.85,398.75,True,True,1.53,False,False,
2026-07-17,PFIZER,2026-07-17,4566.9,4502.6,4693.85,4788.46,False,True,-4.63,False,False,
2026-07-17,PGEL,2026-07-17,617.65,573.0,631.0,551.81,True,True,11.93,False,False,
2026-07-17,PHOENIXLTD,2026-07-17,2075.8,2059.1,2169.8,1748.9,True,False,18.69,False,False,
2026-07-17,PIDILITIND,2026-07-17,1566.1,1547.4,1597.3,1466.88,True,True,6.76,False,False,
2026-07-17,PIIND,2026-07-17,2623.8,2527.0,2643.0,3143.41,False,True,-16.53,False,False,
2026-07-17,PNB,2026-07-17,105.77,104.0,106.93,112.38,False,True,-5.88,False,False,
2026-07-17,PNBHOUSING,2026-07-17,1099.8,1072.7,1132.7,925.67,True,False,18.81,False,False,
2026-07-17,PNCINFRA,2026-07-17,245.27,238.5,258.0,235.11,True,True,4.32,False,False,
2026-07-17,POLICYBZR,2026-07-17,1574.0,1537.0,1622.0,1656.9,False,True,-5.0,False,False,
2026-07-17,POLYCAB,2026-07-17,8862.0,8826.0,9632.5,7984.38,True,False,10.99,False,False,
2026-07-17,POLYMED,2026-07-17,1680.5,1622.5,1774.9,1628.62,True,True,3.19,False,False,
2026-07-17,POONAWALLA,2026-07-17,477.3,466.05,486.0,447.14,True,True,6.74,False,False,
2026-07-17,POWERGRID,2026-07-17,283.55,278.9,286.95,283.74,False,True,-0.07,False,False,
2026-07-17,POWERINDIA,2026-07-17,32075.0,31300.0,34215.0,24911.86,True,False,28.75,False,False,
2026-07-17,PPLPHARMA,2026-07-17,179.42,170.61,181.6,171.61,True,True,4.55,False,False,
2026-07-17,PRAJIND,2026-07-17,346.95,346.0,360.85,337.04,True,True,2.94,False,False,
2026-07-17,PREMIERENE,2026-07-17,1086.2,1076.6,1119.8,941.79,True,False,15.33,False,False,
2026-07-17,PRESTIGE,2026-07-17,1693.0,1630.3,1730.5,1513.26,True,False,11.88,False,False,
2026-07-17,PVRINOX,2026-07-17,999.25,992.0,1032.3,1029.47,False,True,-2.94,False,False,
2026-07-17,RADICO,2026-07-17,4097.9,4011.3,4149.2,3176.03,True,False,29.03,False,False,
2026-07-17,RAILTEL,2026-07-17,298.0,296.75,311.8,330.02,False,True,-9.7,False,False,
2026-07-17,RAINBOW,2026-07-17,1493.4,1449.3,1508.0,1304.25,True,False,14.5,False,False,
2026-07-17,RAMCOCEM,2026-07-17,919.8,916.0,953.0,1003.09,False,True,-8.3,False,False,
2026-07-17,RAYMOND,2026-07-17,604.75,593.0,646.0,482.11,True,False,25.44,False,False,
2026-07-17,RAYMONDLSL,2026-07-17,724.3,713.65,748.95,938.85,False,True,-22.85,False,False,
2026-07-17,RBLBANK,2026-07-17,368.1,360.25,382.35,319.78,True,False,15.11,False,False,
2026-07-17,RCF,2026-07-17,127.83,127.6,131.77,133.98,False,True,-4.59,False,False,
2026-07-17,RECLTD,2026-07-17,355.1,346.85,357.0,351.89,True,True,0.91,False,False,
2026-07-17,REDINGTON,2026-07-17,275.05,271.75,288.2,252.05,True,False,9.13,False,False,
2026-07-17,RELIANCE,2026-07-17,1327.2,1286.9,1330.3,1407.59,False,True,-5.71,False,False,
2026-07-17,RENUKA,2026-07-17,22.37,22.3,23.32,26.06,False,True,-14.16,False,False,
2026-07-17,RHIM,2026-07-17,409.0,401.5,427.3,423.55,False,True,-3.44,False,False,
2026-07-17,RITES,2026-07-17,218.09,217.0,228.85,223.4,False,True,-2.38,False,False,
2026-07-17,RKFORGE,2026-07-17,568.25,550.05,594.9,544.02,True,True,4.45,False,False,
2026-07-17,ROUTE,2026-07-17,561.3,538.0,597.65,598.24,False,True,-6.17,False,False,
2026-07-17,RPOWER,2026-07-17,24.44,24.2,25.4,32.0,False,True,-23.63,False,False,
2026-07-17,RRKABEL,2026-07-17,2293.3,2175.0,2415.0,1587.7,True,False,44.44,False,False,
2026-07-17,RTNINDIA,2026-07-17,31.8,31.67,33.98,38.45,False,True,-17.29,False,False,
2026-07-17,RVNL,2026-07-17,225.44,224.5,232.2,299.96,False,True,-24.84,False,False,
2026-07-17,SAGILITY,2026-07-17,41.75,40.61,42.99,45.26,False,True,-7.76,False,False,
2026-07-17,SAIL,2026-07-17,163.04,160.5,168.75,156.01,True,True,4.5,False,False,
2026-07-17,SAILIFE,2026-07-17,1272.0,1255.0,1300.0,987.56,True,False,28.8,False,False,
2026-07-17,SAMMAANCAP,2026-07-17,163.62,159.88,166.24,156.34,True,True,4.66,False,False,
2026-07-17,SAPPHIRE,2026-07-17,182.08,172.2,189.24,215.87,False,True,-15.65,False,False,
2026-07-17,SARDAEN,2026-07-17,499.5,490.0,504.95,528.52,False,True,-5.49,False,False,
2026-07-17,SAREGAMA,2026-07-17,494.85,470.15,503.0,392.83,True,False,25.97,False,False,
2026-07-17,SBFC,2026-07-17,94.09,90.4,94.39,98.78,False,True,-4.75,False,False,
2026-07-17,SBICARD,2026-07-17,654.7,602.55,657.75,757.35,False,True,-13.55,False,False,
2026-07-17,SBILIFE,2026-07-17,1829.4,1810.0,1880.6,1910.27,False,True,-4.23,False,False,
2026-07-17,SCHAEFFLER,2026-07-17,4146.1,4060.0,4210.0,3981.61,True,True,4.13,False,False,
2026-07-17,SCHNEIDER,2026-07-17,1278.5,1271.0,1443.6,952.77,True,False,34.19,False,False,
2026-07-17,SCI,2026-07-17,281.75,279.55,296.0,255.43,True,False,10.3,False,False,
2026-07-17,SHREECEM,2026-07-17,26515.0,25947.55,27189.33,26141.64,True,True,1.43,False,False,
2026-07-17,SHRIRAMFIN,2026-07-17,1034.9,1007.0,1053.1,913.09,True,False,13.34,False,False,
2026-07-17,SHYAMMETL,2026-07-17,1022.5,965.15,1059.0,873.66,True,False,17.04,False,False,
2026-07-17,SIGNATURE,2026-07-17,809.7,773.55,898.0,942.28,False,True,-14.07,False,False,
2026-07-17,SJVN,2026-07-17,69.13,69.01,70.98,76.5,False,True,-9.63,False,False,
2026-07-17,SKFINDIA,2026-07-17,1472.0,1463.5,1584.2,1987.07,False,True,-25.92,False,False,
2026-07-17,SOBHA,2026-07-17,1462.0,1453.1,1550.3,1441.86,True,True,1.4,False,False,
2026-07-17,SOLARINDS,2026-07-17,18467.0,17940.0,18698.0,14619.32,True,False,26.32,False,False,
2026-07-17,SONACOMS,2026-07-17,704.85,658.7,708.45,524.36,True,False,34.42,False,False,
2026-07-17,SONATSOFTW,2026-07-17,307.45,277.71,325.06,303.04,True,True,1.45,False,False,
2026-07-17,SRF,2026-07-17,2874.7,2716.0,2916.0,2786.89,True,True,3.15,False,False,
2026-07-17,STARHEALTH,2026-07-17,582.95,579.6,623.9,490.56,True,False,18.83,False,False,
2026-07-17,SUMICHEM,2026-07-17,538.55,505.83,548.43,457.02,True,False,17.84,False,False,
2026-07-17,SUNDARMFIN,2026-07-17,4430.8,4405.0,4599.0,4746.0,False,True,-6.64,False,False,
2026-07-17,SUNDRMFAST,2026-07-17,965.35,938.4,973.0,901.07,True,True,7.13,False,False,
2026-07-17,SUNPHARMA,2026-07-17,1932.6,1910.0,1962.7,1740.73,True,False,11.02,False,False,
2026-07-17,SUNTV,2026-07-17,498.8,488.3,506.0,555.99,False,True,-10.29,False,False,
2026-07-17,SUPREMEIND,2026-07-17,3433.7,3275.1,3538.1,3650.99,False,True,-5.95,False,False,
2026-07-17,SUZLON,2026-07-17,51.99,51.27,53.63,51.66,True,True,0.64,False,False,
2026-07-17,SWIGGY,2026-07-17,276.87,257.24,283.5,329.78,False,True,-16.04,False,False,
2026-07-17,SWSOLAR,2026-07-17,222.19,216.26,250.0,211.25,True,True,5.18,False,False,
2026-07-17,SYNGENE,2026-07-17,417.45,410.1,432.0,520.61,False,True,-19.81,False,False,
2026-07-17,SYRMA,2026-07-17,1359.1,1351.5,1449.5,916.35,True,False,48.32,False,False,
2026-07-17,TANLA,2026-07-17,584.55,542.5,598.9,530.85,True,True,10.12,False,False,
2026-07-17,TARIL,2026-07-17,332.5,328.8,350.6,330.92,True,True,0.48,False,False,
2026-07-17,TATACHEM,2026-07-17,698.45,688.1,719.4,753.9,False,True,-7.36,False,False,
2026-07-17,TATACOMM,2026-07-17,1817.1,1801.0,1895.9,1713.21,True,True,6.06,False,False,
2026-07-17,TATACONSUM,2026-07-17,1088.6,1074.9,1110.2,1133.02,False,True,-3.92,False,False,
2026-07-17,TATAELXSI,2026-07-17,3503.2,3469.7,3840.0,4693.68,False,True,-25.36,False,False,
2026-07-17,TATAINVEST,2026-07-17,662.3,660.5,693.85,704.6,False,True,-6.0,False,False,
2026-07-17,TATAPOWER,2026-07-17,377.25,374.55,385.3,389.43,False,True,-3.13,False,False,
2026-07-17,TATASTEEL,2026-07-17,185.89,183.41,190.35,186.44,False,True,-0.3,False,False,
2026-07-17,TATATECH,2026-07-17,758.05,709.0,775.0,645.36,True,False,17.46,False,False,
2026-07-17,TBOTEK,2026-07-17,1459.0,1414.7,1534.1,1425.09,True,True,2.38,False,False,
2026-07-17,TCS,2026-07-17,2269.0,2053.84,2275.0,2655.53,False,True,-14.56,False,False,
2026-07-17,TECHM,2026-07-17,1572.9,1444.2,1585.0,1445.27,True,True,8.83,False,False,
2026-07-17,TECHNOE,2026-07-17,1034.1,1026.7,1061.0,1147.98,False,True,-9.92,False,False,
2026-07-17,TEJASNET,2026-07-17,538.9,534.0,581.9,481.78,True,False,11.86,False,False,
2026-07-17,THERMAX,2026-07-17,4662.0,4358.5,4796.0,3549.58,True,False,31.34,False,False,
2026-07-17,TIINDIA,2026-07-17,2888.6,2821.6,3015.5,2822.53,True,True,2.34,False,False,
2026-07-17,TIMKEN,2026-07-17,3142.2,3110.2,3205.0,3248.44,False,True,-3.27,False,False,
2026-07-17,TITAGARH,2026-07-17,859.85,820.15,889.8,804.16,True,True,6.92,False,False,
2026-07-17,TITAN,2026-07-17,4638.1,4524.4,4668.8,4061.83,True,False,14.19,False,False,
2026-07-17,TORNTPHARM,2026-07-17,4763.0,4695.1,5085.8,4054.68,True,False,17.47,False,False,
2026-07-17,TORNTPOWER,2026-07-17,1390.5,1381.5,1474.0,1387.26,True,True,0.23,False,False,
2026-07-17,TRENT,2026-07-17,2842.4,2838.2,2914.9,3336.34,False,True,-14.8,False,False,
2026-07-17,TRIDENT,2026-07-17,25.21,24.92,25.9,25.9,False,True,-2.65,False,False,
2026-07-17,TRITURBINE,2026-07-17,615.25,595.0,647.5,546.95,True,False,12.49,False,False,
2026-07-17,TRIVENI,2026-07-17,472.15,458.25,490.1,378.58,True,False,24.72,False,False,
2026-07-17,TTML,2026-07-17,40.28,40.0,41.37,46.32,False,True,-13.05,False,False,
2026-07-17,TVSMOTOR,2026-07-17,3618.2,3549.9,3695.0,3568.79,True,True,1.38,False,False,
2026-07-17,UBL,2026-07-17,1339.7,1318.6,1376.5,1562.54,False,True,-14.26,False,False,
2026-07-17,UCOBANK,2026-07-17,26.06,25.92,26.88,27.83,False,True,-6.37,False,False,
2026-07-17,ULTRACEMCO,2026-07-17,11727.0,11355.0,11876.0,11817.7,False,True,-0.77,False,False,
2026-07-17,UNIONBANK,2026-07-17,168.46,162.51,177.49,160.37,True,True,5.05,False,False,
2026-07-17,UNITDSPR,2026-07-17,1375.8,1351.0,1398.7,1340.82,True,True,2.61,False,False,
2026-07-17,UNOMINDA,2026-07-17,1154.8,1119.0,1172.0,1175.83,False,True,-1.79,False,False,
2026-07-17,UPL,2026-07-17,616.6,578.35,625.05,673.02,False,True,-8.38,False,False,
2026-07-17,USHAMART,2026-07-17,494.95,485.0,516.8,448.4,True,False,10.38,False,False,
2026-07-17,UTIAMC,2026-07-17,940.1,924.0,995.59,1027.85,False,True,-8.54,False,False,
2026-07-17,VBL,2026-07-17,463.35,460.1,478.7,471.24,False,True,-1.67,False,False,
2026-07-17,VEDL,2026-07-17,253.05,249.7,271.3,514.91,False,True,-50.86,False,False,
2026-07-17,VGUARD,2026-07-17,300.15,299.1,307.15,329.56,False,True,-8.93,False,False,
2026-07-17,VIJAYA,2026-07-17,1341.3,1309.5,1440.0,1080.04,True,False,24.19,False,False,
2026-07-17,VMM,2026-07-17,110.33,109.18,118.51,126.52,False,True,-12.79,False,False,
2026-07-17,VOLTAS,2026-07-17,1342.4,1273.4,1403.0,1367.82,False,True,-1.86,False,False,
2026-07-17,VTL,2026-07-17,636.55,626.6,659.0,511.95,True,False,24.34,False,False,
2026-07-17,WAAREEENER,2026-07-17,2840.7,2802.1,2914.0,3071.02,False,True,-7.5,False,False,
2026-07-17,WELCORP,2026-07-17,1581.5,1576.0,1698.8,997.08,True,False,58.61,False,False,
2026-07-17,WELSPUNLIV,2026-07-17,164.4,160.1,174.97,133.36,True,False,23.28,False,False,
2026-07-17,WESTLIFE,2026-07-17,459.1,455.7,509.25,519.94,False,True,-11.7,False,False,
2026-07-17,WHIRLPOOL,2026-07-17,771.8,769.2,805.0,959.68,False,True,-19.58,False,False,
2026-07-17,WIPRO,2026-07-17,176.0,173.55,180.5,217.68,False,True,-19.15,False,False,
2026-07-17,WOCKPHARMA,2026-07-17,1900.7,1792.4,1919.9,1474.86,True,False,28.87,False,False,
2026-07-17,YESBANK,2026-07-17,23.61,23.21,23.93,21.82,True,True,8.21,False,False,
2026-07-17,ZEEL,2026-07-17,107.4,96.3,109.0,94.95,True,True,13.11,False,False,
2026-07-17,ZENSARTECH,2026-07-17,518.15,484.34,544.77,610.52,False,True,-15.13,False,False,
2026-07-17,ZENTEC,2026-07-17,1769.7,1763.0,1870.9,1498.33,True,False,18.11,False,False,
2026-07-17,ZFCVINDIA,2026-07-17,2410.3,2284.0,2499.0,2363.56,True,True,1.98,False,False,
2026-07-17,ZYDUSLIFE,2026-07-17,1143.7,1126.6,1169.7,965.66,True,False,18.44,False,False,
